City,Country,ID,Count
"Newark, NJ",Sint Maarten,663,20624
"Boston, MA",Sint Maarten,663,10506
"Minneapolis, MN",Sint Maarten,663,3815
"Rochester, NY",Sint Maarten,663,22
"Fort Lauderdale, FL",Sint Maarten,663,6248
"St. Louis, MO",Sint Maarten,663,112
"San Juan, PR",Sint Maarten,663,10800
"Cleveland, OH",Sint Maarten,663,29
"Chicago, IL",Sint Maarten,663,2417
"Harrisburg, PA",Sint Maarten,663,4
"Detroit, MI",Sint Maarten,663,151
"Houston, TX",Sint Maarten,663,13
"Baltimore, MD",Sint Maarten,663,50
"Charlotte, NC",Sint Maarten,663,45943
"Pittsburgh, PA",Sint Maarten,663,4
"Philadelphia, PA",Sint Maarten,663,16948
"Atlanta, GA",Sint Maarten,663,49052
"New York, NY",Sint Maarten,663,85668
"Washington, DC",Sint Maarten,663,3423
"Savannah, GA",Sint Maarten,663,1
"Indianapolis, IN",Sint Maarten,663,6
"Miami, FL",Sint Maarten,663,67590
"Houston, TX",Angola,24,6113
"Miami, FL",Antigua and Barbuda,28,48030
"Newark, NJ",Antigua and Barbuda,28,15733
"Salt Lake City, UT",Antigua and Barbuda,28,4
"San Juan, PR",Antigua and Barbuda,28,1588
"New York, NY",Antigua and Barbuda,28,49193
"Atlanta, GA",Antigua and Barbuda,28,5480
"Charlotte, NC",Antigua and Barbuda,28,4551
"Cleveland, OH",Antigua and Barbuda,28,2
"New York, NY",Azerbaijan,31,17545
"Los Angeles, CA",Argentina,32,1620
"Dallas/Fort Worth, TX",Argentina,32,80886
"Miami, FL",Argentina,32,473832
"Newark, NJ",Argentina,32,12328
"Atlanta, GA",Argentina,32,82406
"Houston, TX",Argentina,32,80344
"New York, NY",Argentina,32,156132
"San Francisco, CA",Argentina,32,776
"New York, NY",Australia,36,88442
"Las Vegas, NV",Australia,36,1027
"Los Angeles, CA",Australia,36,871106
"Honolulu, HI",Australia,36,313397
"Dallas/Fort Worth, TX",Australia,36,111046
"San Francisco, CA",Australia,36,163330
"Newark, NJ",Austria,40,50803
"Miami, FL",Austria,40,40217
"Boston, MA",Austria,40,2
"Los Angeles, CA",Austria,40,37819
"Washington, DC",Austria,40,53329
"New York, NY",Austria,40,46167
"Chicago, IL",Austria,40,56560
"New Orleans, LA",The Bahamas,44,292
"Milwaukee, WI",The Bahamas,44,167
"Detroit, MI",The Bahamas,44,3434
"Raleigh/Durham, NC",The Bahamas,44,105
"Fort Lauderdale, FL",The Bahamas,44,350686
"Dallas, TX",The Bahamas,44,112
"Tampa, FL",The Bahamas,44,7845
"Washington, DC",The Bahamas,44,7732
"West Palm Beach/Palm Beach, FL",The Bahamas,44,21510
"Baltimore, MD",The Bahamas,44,10652
"Charlotte, NC",The Bahamas,44,91596
"Memphis, TN",The Bahamas,44,3
"Nashville, TN",The Bahamas,44,156
"Houston, TX",The Bahamas,44,23152
"Syracuse, NY",The Bahamas,44,12
"Austin, TX",The Bahamas,44,43
"Miami, FL",The Bahamas,44,284846
"Indianapolis, IN",The Bahamas,44,148
"Newark, NJ",The Bahamas,44,51836
"Santa Ana, CA",The Bahamas,44,20
"Sanford, FL",The Bahamas,44,3501
"Chicago, IL",The Bahamas,44,15154
"Philadelphia, PA",The Bahamas,44,34315
"Minneapolis, MN",The Bahamas,44,2994
"Pittsburgh, PA",The Bahamas,44,251
"New York, NY",The Bahamas,44,113004
"Cleveland, OH",The Bahamas,44,194
"Fort Myers, FL",The Bahamas,44,367
"Denver, CO",The Bahamas,44,165
"Columbus, OH",The Bahamas,44,270
"Hartford, CT",The Bahamas,44,10
"Las Vegas, NV",The Bahamas,44,4
"Jacksonville, FL",The Bahamas,44,583
"Dallas/Fort Worth, TX",The Bahamas,44,15724
"Atlanta, GA",The Bahamas,44,205637
"Rochester, NY",The Bahamas,44,4
"Orlando, FL",The Bahamas,44,75559
"Boston, MA",The Bahamas,44,16877
"St. Louis, MO",The Bahamas,44,224
"Guam, TT",Bangladesh,50,370
"Newark, NJ",Barbados,52,1025
"Miami, FL",Barbados,52,108741
"Charlotte, NC",Barbados,52,4449
"Philadelphia, PA",Barbados,52,14
"Boston, MA",Barbados,52,9673
"Orlando, FL",Barbados,52,57
"Fort Lauderdale, FL",Barbados,52,35420
"Washington, DC",Barbados,52,5
"Atlanta, GA",Barbados,52,6267
"New York, NY",Barbados,52,111777
"St. Louis, MO",Barbados,52,13
"Houston, TX",Belgium,56,488
"Newark, NJ",Belgium,56,76972
"Sanford, FL",Belgium,56,376
"Miami, FL",Belgium,56,25768
"Atlanta, GA",Belgium,56,37330
"Chicago, IL",Belgium,56,61614
"Boston, MA",Belgium,56,390
"San Francisco, CA",Belgium,56,6
"Washington, DC",Belgium,56,114556
"New York, NY",Belgium,56,139596
"Philadelphia, PA",Bermuda,60,29575
"Chicago, IL",Bermuda,60,1
"Boston, MA",Bermuda,60,58357
"Baltimore, MD",Bermuda,60,2
"Washington, DC",Bermuda,60,7018
"Newark, NJ",Bermuda,60,16981
"Atlanta, GA",Bermuda,60,39520
"West Palm Beach/Palm Beach, FL",Bermuda,60,3
"Charlotte, NC",Bermuda,60,1015
"Miami, FL",Bermuda,60,36611
"New York, NY",Bermuda,60,144634
"Miami, FL",Bolivia,68,52169
"Atlanta, GA",Brazil,76,171764
"Boston, MA",Brazil,76,3318
"Los Angeles, CA",Brazil,76,64458
"Detroit, MI",Brazil,76,25450
"Dallas/Fort Worth, TX",Brazil,76,83044
"Orlando, FL",Brazil,76,300572
"Miami, FL",Brazil,76,770835
"Washington, DC",Brazil,76,60223
"San Francisco, CA",Brazil,76,1536
"Fort Lauderdale, FL",Brazil,76,103189
"New York, NY",Brazil,76,345693
"Newark, NJ",Brazil,76,77176
"Minneapolis, MN",Brazil,76,1131
"Las Vegas, NV",Brazil,76,3
"Houston, TX",Brazil,76,125333
"Chicago, IL",Brazil,76,69283
"Providence, RI",Belize,84,3
"Chicago, IL",Belize,84,3484
"Houston, TX",Belize,84,125867
"Los Angeles, CA",Belize,84,11267
"New York, NY",Belize,84,53
"St. Louis, MO",Belize,84,41
"Dallas/Fort Worth, TX",Belize,84,37968
"Newark, NJ",Belize,84,3496
"Atlanta, GA",Belize,84,51888
"Charlotte, NC",Belize,84,6240
"Boston, MA",Belize,84,274
"Washington, DC",Belize,84,13
"Phoenix, AZ",Belize,84,2
"Miami, FL",Belize,84,62071
"Denver, CO",Belize,84,4728
"Fort Lauderdale, FL",Belize,84,18921
"Orlando, FL",Belize,84,10
"Hartford, CT",Belize,84,203
"San Juan, PR",British Virgin Islands,92,36310
"Los Angeles, CA",British Virgin Islands,92,11
"Dallas, TX",British Virgin Islands,92,3
"Guam, TT",Burma,104,84
"Anchorage, AK",Canada,124,14307
"Pittsburgh, PA",Canada,124,49498
"Milwaukee, WI",Canada,124,17834
"Sacramento, CA",Canada,124,7
"Dallas, TX",Canada,124,293
"Santa Ana, CA",Canada,124,39880
"Boston, MA",Canada,124,503289
"Indianapolis, IN",Canada,124,27921
"San Francisco, CA",Canada,124,818000
"Ontario, CA",Canada,124,2
"New Orleans, LA",Canada,124,28192
"Dallas/Fort Worth, TX",Canada,124,398883
"Portland, OR",Canada,124,136677
"Tampa, FL",Canada,124,180285
"St. Louis, MO",Canada,124,29543
"Fresno, CA",Canada,124,2
"El Paso, TX",Canada,124,3
"Austin, TX",Canada,124,20931
"Myrtle Beach, SC",Canada,124,6063
"Kahului, HI",Canada,124,180313
"Kansas City, MO",Canada,124,15765
"Newburgh/Poughkeepsie, NY",Canada,124,7
"Fort Lauderdale, FL",Canada,124,573203
"Harrisburg, PA",Canada,124,8119
"Orlando, FL",Canada,124,592485
"Palm Springs, CA",Canada,124,189306
"Memphis, TN",Canada,124,9922
"Syracuse, NY",Canada,124,7965
"Honolulu, HI",Canada,124,172867
"Salt Lake City, UT",Canada,124,128216
"Las Vegas, NV",Canada,124,888425
"Philadelphia, PA",Canada,124,277895
"Phoenix, AZ",Canada,124,458312
"Minneapolis, MN",Canada,124,512838
"Rochester, NY",Canada,124,8986
"New York, NY",Canada,124,1379381
"San Antonio, TX",Canada,124,11113
"Washington, DC",Canada,124,438731
"West Palm Beach/Palm Beach, FL",Canada,124,56415
"Detroit, MI",Canada,124,259961
"Denver, CO",Canada,124,402188
"Sarasota/Bradenton, FL",Canada,124,28776
"Los Angeles, CA",Canada,124,1245028
"Atlanta, GA",Canada,124,413913
"St. Petersburg, FL",Canada,124,8901
"Fort Myers, FL",Canada,124,147917
"Savannah, GA",Canada,124,7430
"Seattle, WA",Canada,124,765573
"Columbus, OH",Canada,124,34547
"Kona, HI",Canada,124,30716
"San Jose, CA",Canada,124,52025
"Baltimore, MD",Canada,124,50512
"Reno, NV",Canada,124,10
"Miami, FL",Canada,124,352959
"Newark, NJ",Canada,124,760210
"Raleigh/Durham, NC",Canada,124,44677
"Cincinnati, OH",Canada,124,45048
"Cleveland, OH",Canada,124,40727
"Charlotte, NC",Canada,124,131820
"Hartford, CT",Canada,124,29121
"Nashville, TN",Canada,124,75081
"Houston, TX",Canada,124,510779
"Oakland, CA",Canada,124,24
"Jacksonville, FL",Canada,124,9564
"Chicago, IL",Canada,124,1126835
"San Juan, PR",Canada,124,12357
"Lihue, HI",Canada,124,24425
"San Diego, CA",Canada,124,142024
"Providence, RI",Cape Verde,132,9750
"Providence, RI",Cayman Islands,136,166
"Atlanta, GA",Cayman Islands,136,53854
"San Diego, CA",Cayman Islands,136,1
"Cleveland, OH",Cayman Islands,136,33
"New Orleans, LA",Cayman Islands,136,41
"Baltimore, MD",Cayman Islands,136,23
"Miami, FL",Cayman Islands,136,159046
"Pittsburgh, PA",Cayman Islands,136,5
"Newark, NJ",Cayman Islands,136,8709
"Cincinnati, OH",Cayman Islands,136,95
"Phoenix, AZ",Cayman Islands,136,4
"Tampa, FL",Cayman Islands,136,20335
"New York, NY",Cayman Islands,136,53470
"Fort Lauderdale, FL",Cayman Islands,136,19689
"Rochester, NY",Cayman Islands,136,8
"Dallas/Fort Worth, TX",Cayman Islands,136,15620
"Detroit, MI",Cayman Islands,136,2204
"Boston, MA",Cayman Islands,136,3371
"Minneapolis, MN",Cayman Islands,136,2125
"Washington, DC",Cayman Islands,136,9250
"San Francisco, CA",Cayman Islands,136,37
"Charlotte, NC",Cayman Islands,136,62592
"Syracuse, NY",Cayman Islands,136,40
"Kansas City, MO",Cayman Islands,136,33
"Los Angeles, CA",Cayman Islands,136,21
"Chicago, IL",Cayman Islands,136,11074
"Houston, TX",Cayman Islands,136,27905
"Nashville, TN",Cayman Islands,136,65
"Philadelphia, PA",Cayman Islands,136,6050
"Los Angeles, CA",Chile,152,47178
"Providence, RI",Chile,152,4
"Salt Lake City, UT",Chile,152,1345
"Washington, DC",Chile,152,2
"New York, NY",Chile,152,103148
"Atlanta, GA",Chile,152,60500
"Houston, TX",Chile,152,55794
"San Jose, CA",Chile,152,4
"Orlando, FL",Chile,152,12012
"Boston, MA",Chile,152,2
"Dallas/Fort Worth, TX",Chile,152,62579
"Miami, FL",Chile,152,255824
"Austin, TX",Chile,152,3
"Minneapolis, MN",China,156,4250
"Seattle, WA",China,156,254451
"Orlando, FL",China,156,2707
"Anchorage, AK",China,156,374
"Houston, TX",China,156,55276
"Miami, FL",China,156,784
"Honolulu, HI",China,156,104504
"Atlanta, GA",China,156,4596
"Detroit, MI",China,156,172609
"Saipan, TT",China,156,141938
"Newark, NJ",China,156,220121
"Las Vegas, NV",China,156,16140
"Guam, TT",China,156,7887
"Boston, MA",China,156,114264
"San Francisco, CA",China,156,626950
"Washington, DC",China,156,131056
"Dallas/Fort Worth, TX",China,156,121229
"Salt Lake City, UT",China,156,955
"Chicago, IL",China,156,364559
"Austin, TX",China,156,116
"Los Angeles, CA",China,156,995139
"San Jose, CA",China,156,61698
"Kona, HI",China,156,6
"New York, NY",China,156,554679
"Los Angeles, CA",Taiwan,158,399641
"Honolulu, HI",Taiwan,158,24626
"Seattle, WA",Taiwan,158,131360
"Portland, OR",Taiwan,158,1665
"Chicago, IL",Taiwan,158,63482
"San Francisco, CA",Taiwan,158,369953
"Guam, TT",Taiwan,158,34832
"Houston, TX",Taiwan,158,90548
"New York, NY",Taiwan,158,200100
"Newark, NJ",Colombia,170,47397
"Fort Myers, FL",Colombia,170,2
"Los Angeles, CA",Colombia,170,54675
"Houston, TX",Colombia,170,90126
"Washington, DC",Colombia,170,37995
"Alexandria, LA",Colombia,170,778
"New York, NY",Colombia,170,206512
"Boston, MA",Colombia,170,13824
"Miami, FL",Colombia,170,662271
"Dallas/Fort Worth, TX",Colombia,170,35655
"Fort Lauderdale, FL",Colombia,170,301149
"San Juan, PR",Colombia,170,29143
"Orlando, FL",Colombia,170,82288
"Atlanta, GA",Colombia,170,76714
"Los Angeles, CA",Cook Islands,184,11662
"Atlanta, GA",Costa Rica,188,197484
"Memphis, TN",Costa Rica,188,165
"Houston, TX",Costa Rica,188,315477
"Portland, OR",Costa Rica,188,713
"Denver, CO",Costa Rica,188,7072
"Austin, TX",Costa Rica,188,12
"Rochester, NY",Costa Rica,188,9
"Dallas/Fort Worth, TX",Costa Rica,188,65865
"Jacksonville, FL",Costa Rica,188,26
"Cleveland, OH",Costa Rica,188,4
"Phoenix, AZ",Costa Rica,188,10898
"Los Angeles, CA",Costa Rica,188,148651
"Baltimore, MD",Costa Rica,188,34936
"Fort Lauderdale, FL",Costa Rica,188,157697
"Orlando, FL",Costa Rica,188,48379
"Philadelphia, PA",Costa Rica,188,120
"St. Louis, MO",Costa Rica,188,5
"Hartford, CT",Costa Rica,188,23
"New York, NY",Costa Rica,188,23856
"Ontario, CA",Costa Rica,188,5
"Syracuse, NY",Costa Rica,188,5
"Newark, NJ",Costa Rica,188,109823
"Miami, FL",Costa Rica,188,189318
"Minneapolis, MN",Costa Rica,188,12478
"Boston, MA",Costa Rica,188,4407
"Detroit, MI",Costa Rica,188,1164
"Chicago, IL",Costa Rica,188,14928
"Charlotte, NC",Costa Rica,188,31273
"Washington, DC",Costa Rica,188,4310
"Tampa, FL",Costa Rica,188,143
"Miami, FL",Cuba,192,616543
"Charlotte, NC",Cuba,192,20435
"Tampa, FL",Cuba,192,57146
"Los Angeles, CA",Cuba,192,35675
"West Palm Beach/Palm Beach, FL",Cuba,192,8
"Washington, DC",Cuba,192,503
"Houston, TX",Cuba,192,6249
"Seattle, WA",Cuba,192,3354
"Atlanta, GA",Cuba,192,32272
"Chicago, IL",Cuba,192,25
"New York, NY",Cuba,192,66445
"Nashville, TN",Cuba,192,5
"Denver, CO",Cuba,192,343
"Newark, NJ",Cuba,192,40305
"Pittsburgh, PA",Cuba,192,56
"Orlando, FL",Cuba,192,27990
"Fort Lauderdale, FL",Cuba,192,297108
"Minneapolis, MN",Czech Republic,203,398
"New York, NY",Czech Republic,203,33408
"Washington, DC",Czech Republic,203,104
"West Palm Beach/Palm Beach, FL",Czech Republic,203,7
"Atlanta, GA",Denmark,208,11
"Orlando, FL",Denmark,208,7621
"Miami, FL",Denmark,208,30115
"New York, NY",Denmark,208,68885
"Boston, MA",Denmark,208,42867
"Philadelphia, PA",Denmark,208,2
"Fort Lauderdale, FL",Denmark,208,27021
"Newark, NJ",Denmark,208,106324
"Oakland, CA",Denmark,208,15239
"Chicago, IL",Denmark,208,65198
"Los Angeles, CA",Denmark,208,39062
"Washington, DC",Denmark,208,62993
"San Francisco, CA",Denmark,208,68659
"Las Vegas, NV",Denmark,208,5137
"San Juan, PR",Dominica,212,8819
"Seattle, WA",Dominican Republic,214,9
"Chicago, IL",Dominican Republic,214,140065
"Atlanta, GA",Dominican Republic,214,262966
"Columbus, OH",Dominican Republic,214,3031
"Milwaukee, WI",Dominican Republic,214,4910
"Pittsburgh, PA",Dominican Republic,214,12020
"Salt Lake City, UT",Dominican Republic,214,133
"Fort Lauderdale, FL",Dominican Republic,214,196262
"Boston, MA",Dominican Republic,214,125161
"Detroit, MI",Dominican Republic,214,13467
"Alexandria, LA",Dominican Republic,214,707
"Tampa, FL",Dominican Republic,214,801
"Miami, FL",Dominican Republic,214,465367
"Sanford, FL",Dominican Republic,214,168
"Denver, CO",Dominican Republic,214,96
"Houston, TX",Dominican Republic,214,30093
"Hartford, CT",Dominican Republic,214,293
"Cleveland, OH",Dominican Republic,214,9710
"Nashville, TN",Dominican Republic,214,1779
"Newark, NJ",Dominican Republic,214,315536
"New York, NY",Dominican Republic,214,1159767
"Dallas/Fort Worth, TX",Dominican Republic,214,14383
"Philadelphia, PA",Dominican Republic,214,107197
"San Juan, PR",Dominican Republic,214,188301
"Minneapolis, MN",Dominican Republic,214,36945
"Orlando, FL",Dominican Republic,214,33225
"Baltimore, MD",Dominican Republic,214,71513
"Dallas, TX",Dominican Republic,214,3
"Charlotte, NC",Dominican Republic,214,126101
"New Orleans, LA",Dominican Republic,214,1923
"Indianapolis, IN",Dominican Republic,214,2446
"Washington, DC",Dominican Republic,214,42414
"Providence, RI",Dominican Republic,214,114
"St. Louis, MO",Dominican Republic,214,11467
"Cincinnati, OH",Dominican Republic,214,11167
"Rockford, IL",Dominican Republic,214,4348
"Fort Lauderdale, FL",Ecuador,218,73536
"Dallas/Fort Worth, TX",Ecuador,218,26222
"Atlanta, GA",Ecuador,218,61892
"Newark, NJ",Ecuador,218,1371
"Houston, TX",Ecuador,218,41453
"Miami, FL",Ecuador,218,213977
"Alexandria, LA",Ecuador,218,122
"San Jose, CA",Ecuador,218,5
"New York, NY",Ecuador,218,169109
"El Paso, TX",El Salvador,222,345
"Washington, DC",El Salvador,222,112532
"Los Angeles, CA",El Salvador,222,225225
"Alexandria, LA",El Salvador,222,3025
"Newark, NJ",El Salvador,222,16202
"Dallas, TX",El Salvador,222,1363
"San Antonio, TX",El Salvador,222,133
"Atlanta, GA",El Salvador,222,46740
"Houston, TX",El Salvador,222,141100
"Fort Lauderdale, FL",El Salvador,222,13908
"New York, NY",El Salvador,222,94708
"Dallas/Fort Worth, TX",El Salvador,222,30762
"Brownsville, TX",El Salvador,222,67
"Chicago, IL",El Salvador,222,27102
"San Francisco, CA",El Salvador,222,67273
"Miami, FL",El Salvador,222,99306
"Phoenix, AZ",El Salvador,222,496
"Los Angeles, CA",Ethiopia,231,32485
"Washington, DC",Ethiopia,231,95651
"Newark, NJ",Ethiopia,231,32684
"Kona, HI",Fiji,242,9
"San Francisco, CA",Fiji,242,15590
"Honolulu, HI",Fiji,242,4501
"Los Angeles, CA",Fiji,242,80991
"Washington, DC",Finland,246,2
"Miami, FL",Finland,246,20319
"New York, NY",Finland,246,81694
"Newark, NJ",Finland,246,3
"San Francisco, CA",Finland,246,10919
"Chicago, IL",Finland,246,31297
"San Jose, CA",Finland,246,2
"Portland, OR",France,250,88
"Philadelphia, PA",France,250,75869
"San Jose, CA",France,250,3
"Tampa, FL",France,250,793
"Houston, TX",France,250,75880
"West Palm Beach/Palm Beach, FL",France,250,3
"Fort Lauderdale, FL",France,250,22588
"Newark, NJ",France,250,186642
"St. Louis, MO",France,250,985
"Salt Lake City, UT",France,250,57636
"Atlanta, GA",France,250,395026
"Pittsburgh, PA",France,250,14523
"Dallas/Fort Worth, TX",France,250,71815
"Honolulu, HI",France,250,3
"Sanford, FL",France,250,18
"Chicago, IL",France,250,164648
"Phoenix, AZ",France,250,611
"Santa Ana, CA",France,250,46
"New York, NY",France,250,918585
"Denver, CO",France,250,2558
"New Orleans, LA",France,250,431
"Charlotte, NC",France,250,37493
"San Diego, CA",France,250,2799
"Oakland, CA",France,250,1
"Raleigh/Durham, NC",France,250,47919
"Anchorage, AK",France,250,261
"Minneapolis, MN",France,250,116840
"Seattle, WA",France,250,80610
"Cincinnati, OH",France,250,52097
"Boston, MA",France,250,180122
"Orlando, FL",France,250,6231
"Miami, FL",France,250,219350
"San Francisco, CA",France,250,250291
"Jacksonville, FL",France,250,6
"Los Angeles, CA",France,250,325183
"Palm Springs, CA",France,250,1
"Las Vegas, NV",France,250,925
"Detroit, MI",France,250,157651
"Washington, DC",France,250,230492
"Miami, FL",French Guiana,254,1761
"San Jose, CA",French Polynesia,258,5
"Kona, HI",French Polynesia,258,5
"Honolulu, HI",French Polynesia,258,12160
"Los Angeles, CA",French Polynesia,258,114984
"New York, NY",Germany,276,614298
"New Orleans, LA",Germany,276,7950
"San Diego, CA",Germany,276,11789
"Tampa, FL",Germany,276,55149
"Boston, MA",Germany,276,237223
"Seattle, WA",Germany,276,149017
"Fort Myers, FL",Germany,276,31936
"San Jose, CA",Germany,276,35822
"Dallas/Fort Worth, TX",Germany,276,135903
"Newburgh/Poughkeepsie, NY",Germany,276,4
"Cincinnati, OH",Germany,276,4
"Newark, NJ",Germany,276,488643
"El Paso, TX",Germany,276,222
"Orlando, FL",Germany,276,133681
"Atlanta, GA",Germany,276,329722
"Minneapolis, MN",Germany,276,16889
"Washington, DC",Germany,276,443680
"Jacksonville, FL",Germany,276,8
"Detroit, MI",Germany,276,166370
"Los Angeles, CA",Germany,276,359629
"Ontario, CA",Germany,276,3
"San Francisco, CA",Germany,276,452239
"Philadelphia, PA",Germany,276,166975
"Portland, OR",Germany,276,18201
"Baltimore, MD",Germany,276,15621
"Pittsburgh, PA",Germany,276,4131
"Las Vegas, NV",Germany,276,52236
"Salt Lake City, UT",Germany,276,357
"Charlotte, NC",Germany,276,135442
"Denver, CO",Germany,276,175691
"Chicago, IL",Germany,276,513152
"San Antonio, TX",Germany,276,549
"Austin, TX",Germany,276,9949
"Miami, FL",Germany,276,331154
"Anchorage, AK",Germany,276,12035
"Houston, TX",Germany,276,237275
"San Juan, PR",Germany,276,10391
"Washington, DC",Ghana,288,21626
"New York, NY",Ghana,288,39006
"Atlanta, GA",Ghana,288,892
"Salt Lake City, UT",Ghana,288,426
"Honolulu, HI",Kiribati,296,1750
"Atlanta, GA",Greece,300,1214
"Newark, NJ",Greece,300,84127
"Chicago, IL",Greece,300,6
"Philadelphia, PA",Greece,300,40806
"Washington, DC",Greece,300,2
"Salt Lake City, UT",Greece,300,262
"New York, NY",Greece,300,73600
"San Francisco, CA",Greece,300,551
"Los Angeles, CA",Greece,300,6
"Pittsburgh, PA",Greenland,304,58
"New York, NY",Grenada,308,41772
"Miami, FL",Grenada,308,36029
"Atlanta, GA",Grenada,308,4489
"Atlanta, GA",Guadeloupe,312,918
"New York, NY",Guadeloupe,312,16810
"Baltimore, MD",Guadeloupe,312,2784
"Fort Lauderdale, FL",Guadeloupe,312,6893
"Providence, RI",Guadeloupe,312,1376
"Boston, MA",Guadeloupe,312,2991
"San Juan, PR",Guadeloupe,312,3444
"Miami, FL",Guadeloupe,312,13984
"Fort Lauderdale, FL",Guatemala,320,32946
"Dallas, TX",Guatemala,320,1764
"Los Angeles, CA",Guatemala,320,112321
"Brownsville, TX",Guatemala,320,7038
"Chicago, IL",Guatemala,320,1320
"Philadelphia, PA",Guatemala,320,5
"Miami, FL",Guatemala,320,157398
"New York, NY",Guatemala,320,2813
"Phoenix, AZ",Guatemala,320,5403
"Newark, NJ",Guatemala,320,24275
"Cleveland, OH",Guatemala,320,4
"Houston, TX",Guatemala,320,113980
"Orlando, FL",Guatemala,320,708
"Atlanta, GA",Guatemala,320,91427
"San Antonio, TX",Guatemala,320,776
"El Paso, TX",Guatemala,320,3499
"Alexandria, LA",Guatemala,320,3507
"Washington, DC",Guatemala,320,1838
"Kansas City, MO",Guatemala,320,1
"Dallas/Fort Worth, TX",Guatemala,320,53737
"Sanford, FL",Guyana,328,1212
"San Juan, PR",Guyana,328,435
"New York, NY",Guyana,328,75981
"Miami, FL",Guyana,328,32718
"New York, NY",Haiti,332,113942
"Alexandria, LA",Haiti,332,1672
"Fort Lauderdale, FL",Haiti,332,233017
"Miami, FL",Haiti,332,173051
"Orlando, FL",Haiti,332,2377
"Charlotte, NC",Haiti,332,3
"Boston, MA",Haiti,332,12656
"Atlanta, GA",Haiti,332,44860
"Miami, FL",Honduras,340,152996
"Newark, NJ",Honduras,340,8104
"Raleigh/Durham, NC",Honduras,340,598
"Brownsville, TX",Honduras,340,4608
"Dallas, TX",Honduras,340,1511
"Fort Lauderdale, FL",Honduras,340,44971
"Phoenix, AZ",Honduras,340,1663
"Atlanta, GA",Honduras,340,85730
"New York, NY",Honduras,340,11962
"Las Vegas, NV",Honduras,340,3
"Dallas/Fort Worth, TX",Honduras,340,6036
"El Paso, TX",Honduras,340,567
"Houston, TX",Honduras,340,143299
"New Orleans, LA",Honduras,340,1109
"Alexandria, LA",Honduras,340,3284
"San Antonio, TX",Honduras,340,804
"Guam, TT",Hong Kong,344,30736
"Atlanta, GA",Hong Kong,344,2241
"Chicago, IL",Hong Kong,344,149886
"Boston, MA",Hong Kong,344,80097
"Detroit, MI",Hong Kong,344,876
"Dallas/Fort Worth, TX",Hong Kong,344,90034
"Saipan, TT",Hong Kong,344,52807
"Los Angeles, CA",Hong Kong,344,404248
"Newark, NJ",Hong Kong,344,169644
"Anchorage, AK",Hong Kong,344,165
"San Francisco, CA",Hong Kong,344,392656
"New York, NY",Hong Kong,344,259097
"Seattle, WA",Hong Kong,344,57083
"West Palm Beach/Palm Beach, FL",Hungary,348,1
"Los Angeles, CA",Hungary,348,10
"New York, NY",Iceland,352,143585
"Pittsburgh, PA",Iceland,352,20438
"Anchorage, AK",Iceland,352,6193
"Portland, OR",Iceland,352,22028
"Newark, NJ",Iceland,352,122974
"Boston, MA",Iceland,352,172139
"Indianapolis, IN",Iceland,352,9
"Baltimore, MD",Iceland,352,68894
"San Francisco, CA",Iceland,352,75567
"Miami, FL",Iceland,352,26612
"Seattle, WA",Iceland,352,76320
"Salt Lake City, UT",Iceland,352,588
"Los Angeles, CA",Iceland,352,80310
"Austin, TX",Iceland,352,15
"Chicago, IL",Iceland,352,74290
"Minneapolis, MN",Iceland,352,68133
"Tampa, FL",Iceland,352,4256
"Philadelphia, PA",Iceland,352,9299
"Denver, CO",Iceland,352,53343
"Washington, DC",Iceland,352,84115
"Orlando, FL",Iceland,352,28294
"Newark, NJ",India,356,266695
"Washington, DC",India,356,16794
"New York, NY",India,356,95457
"San Francisco, CA",India,356,59295
"Chicago, IL",India,356,96697
"Salt Lake City, UT",Ireland,372,317
"Dallas/Fort Worth, TX",Ireland,372,9
"Los Angeles, CA",Ireland,372,48950
"Orlando, FL",Ireland,372,47527
"Boston, MA",Ireland,372,239216
"Raleigh/Durham, NC",Ireland,372,51
"Philadelphia, PA",Ireland,372,85020
"San Francisco, CA",Ireland,372,76416
"Miami, FL",Ireland,372,8273
"New York, NY",Ireland,372,349092
"Baltimore, MD",Ireland,372,4
"Detroit, MI",Ireland,372,1980
"Portland, OR",Ireland,372,1
"Hartford, CT",Ireland,372,41064
"Seattle, WA",Ireland,372,8
"Phoenix, AZ",Ireland,372,300
"Washington, DC",Ireland,372,88702
"Atlanta, GA",Ireland,372,55543
"Newburgh/Poughkeepsie, NY",Ireland,372,34665
"Chicago, IL",Ireland,372,222776
"Charlotte, NC",Ireland,372,32686
"Myrtle Beach, SC",Ireland,372,2
"Providence, RI",Ireland,372,28932
"Newark, NJ",Ireland,372,223114
"Boston, MA",Israel,376,24325
"Detroit, MI",Israel,376,337
"San Francisco, CA",Israel,376,65800
"Columbus, OH",Israel,376,12
"Miami, FL",Israel,376,5518
"Los Angeles, CA",Israel,376,46902
"Atlanta, GA",Israel,376,4251
"Newark, NJ",Israel,376,276828
"New York, NY",Israel,376,315677
"Hartford, CT",Israel,376,6
"Orlando, FL",Italy,380,93
"Tampa, FL",Italy,380,594
"Miami, FL",Italy,380,135906
"San Jose, CA",Italy,380,14
"Atlanta, GA",Italy,380,148135
"Boston, MA",Italy,380,58705
"Chicago, IL",Italy,380,101646
"Columbus, OH",Italy,380,4
"Salt Lake City, UT",Italy,380,1402
"Cincinnati, OH",Italy,380,3
"Austin, TX",Italy,380,6
"Philadelphia, PA",Italy,380,111418
"Minneapolis, MN",Italy,380,404
"Detroit, MI",Italy,380,48110
"San Francisco, CA",Italy,380,674
"New York, NY",Italy,380,743630
"Dallas/Fort Worth, TX",Italy,380,37457
"Newark, NJ",Italy,380,148741
"Charlotte, NC",Italy,380,48135
"Denver, CO",Italy,380,437
"San Diego, CA",Italy,380,228
"Las Vegas, NV",Italy,380,5
"Seattle, WA",Italy,380,2
"Washington, DC",Italy,380,44222
"Los Angeles, CA",Italy,380,55106
"Hartford, CT",Jamaica,388,297
"Fort Lauderdale, FL",Jamaica,388,316306
"Pittsburgh, PA",Jamaica,388,731
"Fresno, CA",Jamaica,388,26
"Cleveland, OH",Jamaica,388,798
"Philadelphia, PA",Jamaica,388,79411
"Newark, NJ",Jamaica,388,70324
"Atlanta, GA",Jamaica,388,223117
"Milwaukee, WI",Jamaica,388,4155
"Dallas/Fort Worth, TX",Jamaica,388,43010
"New Orleans, LA",Jamaica,388,44
"Indianapolis, IN",Jamaica,388,323
"San Juan, PR",Jamaica,388,1
"Seattle, WA",Jamaica,388,5
"Rockford, IL",Jamaica,388,1850
"Chicago, IL",Jamaica,388,86492
"Tampa, FL",Jamaica,388,3
"Nashville, TN",Jamaica,388,685
"Memphis, TN",Jamaica,388,2
"Baltimore, MD",Jamaica,388,72938
"Raleigh/Durham, NC",Jamaica,388,101
"Sanford, FL",Jamaica,388,7
"Houston, TX",Jamaica,388,59941
"Charlotte, NC",Jamaica,388,152308
"Detroit, MI",Jamaica,388,8791
"Washington, DC",Jamaica,388,5571
"Miami, FL",Jamaica,388,271191
"Boston, MA",Jamaica,388,17802
"Cincinnati, OH",Jamaica,388,1716
"West Palm Beach/Palm Beach, FL",Jamaica,388,2
"Minneapolis, MN",Jamaica,388,20558
"Phoenix, AZ",Jamaica,388,820
"St. Louis, MO",Jamaica,388,8015
"Alexandria, LA",Jamaica,388,691
"Orlando, FL",Jamaica,388,90583
"Los Angeles, CA",Jamaica,388,7169
"New York, NY",Jamaica,388,360066
"Newark, NJ",Japan,392,84879
"Kona, HI",Japan,392,41933
"Las Vegas, NV",Japan,392,4510
"Orlando, FL",Japan,392,672
"Denver, CO",Japan,392,71243
"Washington, DC",Japan,392,140099
"San Francisco, CA",Japan,392,376499
"Los Angeles, CA",Japan,392,671927
"Miami, FL",Japan,392,5442
"Detroit, MI",Japan,392,124159
"Chicago, IL",Japan,392,342170
"Portland, OR",Japan,392,48301
"Kahului, HI",Japan,392,3
"Salt Lake City, UT",Japan,392,1972
"San Diego, CA",Japan,392,61354
"Atlanta, GA",Japan,392,94193
"Charlotte, NC",Japan,392,18
"Dallas/Fort Worth, TX",Japan,392,199196
"Honolulu, HI",Japan,392,1272173
"Seattle, WA",Japan,392,125589
"Saipan, TT",Japan,392,48782
"Anchorage, AK",Japan,392,854
"San Jose, CA",Japan,392,45677
"Phoenix, AZ",Japan,392,125
"Minneapolis, MN",Japan,392,72842
"Houston, TX",Japan,392,142821
"Boston, MA",Japan,392,45266
"New York, NY",Japan,392,203710
"Guam, TT",Japan,392,601241
"Detroit, MI",Jordan,400,6246
"New York, NY",Jordan,400,45110
"Chicago, IL",Jordan,400,64357
"Guam, TT",South Korea,410,332617
"Dallas/Fort Worth, TX",South Korea,410,132922
"Washington, DC",South Korea,410,79703
"San Francisco, CA",South Korea,410,331736
"Chicago, IL",South Korea,410,135913
"Boston, MA",South Korea,410,2354
"New York, NY",South Korea,410,372213
"Anchorage, AK",South Korea,410,338
"Detroit, MI",South Korea,410,110582
"Newark, NJ",South Korea,410,4477
"Honolulu, HI",South Korea,410,257336
"Orlando, FL",South Korea,410,784
"Atlanta, GA",South Korea,410,138084
"Seattle, WA",South Korea,410,206236
"Los Angeles, CA",South Korea,410,571737
"Saipan, TT",South Korea,410,144435
"Las Vegas, NV",South Korea,410,54852
"Houston, TX",South Korea,410,25529
"New York, NY",Kuwait,414,84657
"Boston, MA",Lebanon,422,7
"New York, NY",Latvia,428,1899
"Miami, FL",Lithuania,440,2
"Las Vegas, NV",Macau,446,9
"Phoenix, AZ",Malaysia,458,10
"San Diego, CA",Malaysia,458,5
"San Juan, PR",Martinique,474,1842
"Miami, FL",Martinique,474,10341
"Boston, MA",Martinique,474,2940
"New York, NY",Martinique,474,12953
"Providence, RI",Martinique,474,1243
"Baltimore, MD",Martinique,474,2881
"Fort Lauderdale, FL",Martinique,474,3158
"Seattle, WA",Mexico,484,169731
"Cincinnati, OH",Mexico,484,20932
"San Antonio, TX",Mexico,484,178974
"Nashville, TN",Mexico,484,9923
"Indianapolis, IN",Mexico,484,9421
"Syracuse, NY",Mexico,484,161
"Denver, CO",Mexico,484,457222
"Ontario, CA",Mexico,484,68851
"Sacramento, CA",Mexico,484,111940
"San Francisco, CA",Mexico,484,678269
"Milwaukee, WI",Mexico,484,39682
"Newark, NJ",Mexico,484,329694
"Los Angeles, CA",Mexico,484,2225628
"Columbus, OH",Mexico,484,5507
"Boston, MA",Mexico,484,84624
"Raleigh/Durham, NC",Mexico,484,9227
"San Diego, CA",Mexico,484,135081
"Phoenix, AZ",Mexico,484,453951
"San Juan, PR",Mexico,484,11707
"Fort Lauderdale, FL",Mexico,484,194828
"New York, NY",Mexico,484,864900
"Brownsville, TX",Mexico,484,1
"Savannah, GA",Mexico,484,8
"San Jose, CA",Mexico,484,168165
"Detroit, MI",Mexico,484,245141
"Houston, TX",Mexico,484,1916600
"Hartford, CT",Mexico,484,5225
"Santa Ana, CA",Mexico,484,84046
"Memphis, TN",Mexico,484,1742
"Tampa, FL",Mexico,484,4250
"Minneapolis, MN",Mexico,484,257361
"Baltimore, MD",Mexico,484,112826
"Miami, FL",Mexico,484,703256
"Mission/McAllen/Edinburg, TX",Mexico,484,7627
"Jacksonville, FL",Mexico,484,157
"Atlanta, GA",Mexico,484,881046
"Las Vegas, NV",Mexico,484,290265
"Fresno, CA",Mexico,484,102174
"Washington, DC",Mexico,484,166083
"Charlotte, NC",Mexico,484,221209
"Kansas City, MO",Mexico,484,17680
"Oakland, CA",Mexico,484,178228
"Pittsburgh, PA",Mexico,484,23619
"Dallas/Fort Worth, TX",Mexico,484,1441723
"Dallas, TX",Mexico,484,14
"Portland, OR",Mexico,484,62227
"Palm Springs, CA",Mexico,484,48
"Rockford, IL",Mexico,484,6816
"Austin, TX",Mexico,484,69671
"Alexandria, LA",Mexico,484,6413
"West Palm Beach/Palm Beach, FL",Mexico,484,113
"Chicago, IL",Mexico,484,1203635
"New Orleans, LA",Mexico,484,7126
"Orlando, FL",Mexico,484,266474
"Philadelphia, PA",Mexico,484,142375
"Cleveland, OH",Mexico,484,38111
"Sanford, FL",Mexico,484,21578
"Salt Lake City, UT",Mexico,484,138768
"St. Louis, MO",Mexico,484,74985
"El Paso, TX",Mexico,484,13789
"Reno, NV",Mexico,484,19877
"Miami, FL",Moldova,498,11
"Cincinnati, OH",Montenegro,499,10
"Washington, DC",Morocco,504,26781
"Los Angeles, CA",Morocco,504,6
"New York, NY",Morocco,504,86852
"Dallas, TX",Netherlands,528,525
"Atlanta, GA",Netherlands,528,392053
"Portland, OR",Netherlands,528,77316
"Nashville, TN",Netherlands,528,515
"Fort Lauderdale, FL",Netherlands,528,386
"Minneapolis, MN",Netherlands,528,253009
"Indianapolis, IN",Netherlands,528,146
"Anchorage, AK",Netherlands,528,1010
"New York, NY",Netherlands,528,327368
"Fort Myers, FL",Netherlands,528,270
"Seattle, WA",Netherlands,528,128968
"Tampa, FL",Netherlands,528,1412
"Dallas/Fort Worth, TX",Netherlands,528,23212
"San Francisco, CA",Netherlands,528,135993
"San Diego, CA",Netherlands,528,1886
"Las Vegas, NV",Netherlands,528,1329
"Salt Lake City, UT",Netherlands,528,77494
"Newark, NJ",Netherlands,528,115921
"Phoenix, AZ",Netherlands,528,2298
"Sanford, FL",Netherlands,528,15101
"Denver, CO",Netherlands,528,2631
"Austin, TX",Netherlands,528,249
"Los Angeles, CA",Netherlands,528,151317
"Raleigh/Durham, NC",Netherlands,528,969
"Miami, FL",Netherlands,528,37458
"Boston, MA",Netherlands,528,139052
"St. Louis, MO",Netherlands,528,4
"Orlando, FL",Netherlands,528,3793
"Cincinnati, OH",Netherlands,528,955
"Philadelphia, PA",Netherlands,528,42269
"Washington, DC",Netherlands,528,151259
"Detroit, MI",Netherlands,528,274832
"Kansas City, MO",Netherlands,528,765
"Houston, TX",Netherlands,528,147267
"New Orleans, LA",Netherlands,528,629
"Chicago, IL",Netherlands,528,122847
"Chicago, IL",Aruba,533,13451
"Miami, FL",Aruba,533,106083
"St. Petersburg, FL",Aruba,533,113
"Philadelphia, PA",Aruba,533,23893
"Newark, NJ",Aruba,533,122713
"San Juan, PR",Aruba,533,5
"Nashville, TN",Aruba,533,3
"Washington, DC",Aruba,533,8117
"Charlotte, NC",Aruba,533,63221
"Indianapolis, IN",Aruba,533,166
"Baltimore, MD",Aruba,533,34074
"Houston, TX",Aruba,533,14269
"Minneapolis, MN",Aruba,533,551
"Boston, MA",Aruba,533,75785
"Orlando, FL",Aruba,533,44574
"Raleigh/Durham, NC",Aruba,533,3
"Fort Lauderdale, FL",Aruba,533,48244
"Dallas/Fort Worth, TX",Aruba,533,5
"Sanford, FL",Aruba,533,1910
"Pittsburgh, PA",Aruba,533,26
"Providence, RI",Aruba,533,37
"New York, NY",Aruba,533,140938
"Atlanta, GA",Aruba,533,73537
"Kona, HI",New Zealand,554,11
"New York, NY",New Zealand,554,1100
"Honolulu, HI",New Zealand,554,80153
"Houston, TX",New Zealand,554,64303
"San Francisco, CA",New Zealand,554,132830
"Los Angeles, CA",New Zealand,554,251863
"Philadelphia, PA",Nicaragua,558,379
"Tampa, FL",Nicaragua,558,4
"Kansas City, MO",Nicaragua,558,78
"Miami, FL",Nicaragua,558,173732
"Fort Lauderdale, FL",Nicaragua,558,46291
"Atlanta, GA",Nicaragua,558,45418
"Dallas/Fort Worth, TX",Nicaragua,558,12025
"Los Angeles, CA",Nicaragua,558,359
"Houston, TX",Nicaragua,558,80454
"Houston, TX",Nigeria,566,2148
"Atlanta, GA",Nigeria,566,45777
"Orlando, FL",Norway,578,14090
"Oakland, CA",Norway,578,16501
"Miami, FL",Norway,578,26325
"New York, NY",Norway,578,62222
"Fort Lauderdale, FL",Norway,578,27617
"Boston, MA",Norway,578,16828
"Las Vegas, NV",Norway,578,4525
"Milwaukee, WI",Norway,578,6
"Los Angeles, CA",Norway,578,28380
"Providence, RI",Norway,578,2965
"Newburgh/Poughkeepsie, NY",Norway,578,5928
"San Juan, PR",Norway,578,3575
"San Diego, CA",Norway,578,7
"Rockford, IL",Norway,578,3
"Newark, NJ",Norway,578,70724
"Houston, TX",Norway,578,3
"Honolulu, HI",Federated States of Micronesia,583,5168
"Guam, TT",Federated States of Micronesia,583,30395
"Saipan, TT",Marshall Islands,584,7
"Guam, TT",Marshall Islands,584,4143
"Honolulu, HI",Marshall Islands,584,12135
"Guam, TT",Palau,585,20000
"New York, NY",Pakistan,586,12981
"San Jose, CA",Panama,591,56
"Tampa, FL",Panama,591,20941
"Washington, DC",Panama,591,103685
"Atlanta, GA",Panama,591,46136
"New Orleans, LA",Panama,591,15638
"Chicago, IL",Panama,591,74154
"San Juan, PR",Panama,591,63169
"Los Angeles, CA",Panama,591,159315
"Denver, CO",Panama,591,1679
"Phoenix, AZ",Panama,591,4
"New York, NY",Panama,591,162436
"Newark, NJ",Panama,591,67022
"Orlando, FL",Panama,591,194152
"Houston, TX",Panama,591,100383
"Las Vegas, NV",Panama,591,47444
"Fort Lauderdale, FL",Panama,591,50447
"Miami, FL",Panama,591,363734
"San Francisco, CA",Panama,591,81900
"Boston, MA",Panama,591,47540
"Austin, TX",Panama,591,11
"Dallas/Fort Worth, TX",Peru,604,55339
"Fort Lauderdale, FL",Peru,604,61008
"Miami, FL",Peru,604,352094
"Houston, TX",Peru,604,67755
"New York, NY",Peru,604,89566
"West Palm Beach/Palm Beach, FL",Peru,604,2
"Los Angeles, CA",Peru,604,126929
"Newark, NJ",Peru,604,39211
"Atlanta, GA",Peru,604,77125
"Washington, DC",Peru,604,30487
"Orlando, FL",Peru,604,38791
"Los Angeles, CA",Philippines,608,190736
"Honolulu, HI",Philippines,608,51547
"New York, NY",Philippines,608,25648
"San Francisco, CA",Philippines,608,126393
"Saipan, TT",Philippines,608,2330
"Detroit, MI",Philippines,608,27099
"Guam, TT",Philippines,608,116119
"Los Angeles, CA",Poland,616,25261
"Chicago, IL",Poland,616,90789
"Minneapolis, MN",Poland,616,5
"New York, NY",Poland,616,82217
"Newark, NJ",Poland,616,29708
"Los Angeles, CA",Portugal,620,257
"Philadelphia, PA",Portugal,620,29393
"Washington, DC",Portugal,620,23165
"Orlando, FL",Portugal,620,5
"Oakland, CA",Portugal,620,2356
"West Palm Beach/Palm Beach, FL",Portugal,620,4
"Houston, TX",Portugal,620,6
"New York, NY",Portugal,620,108017
"Providence, RI",Portugal,620,2720
"Miami, FL",Portugal,620,84874
"Boston, MA",Portugal,620,152274
"Newark, NJ",Portugal,620,152469
"Washington, DC",Qatar,634,93704
"Los Angeles, CA",Qatar,634,73259
"Atlanta, GA",Qatar,634,87907
"New York, NY",Qatar,634,173081
"Houston, TX",Qatar,634,75936
"Chicago, IL",Qatar,634,104824
"Boston, MA",Qatar,634,66158
"Philadelphia, PA",Qatar,634,56590
"Dallas/Fort Worth, TX",Qatar,634,91803
"Miami, FL",Qatar,634,79393
"Washington, DC",Romania,642,6194
"Newark, NJ",Russia,643,1
"Washington, DC",Russia,643,19932
"Anchorage, AK",Russia,643,520
"Houston, TX",Russia,643,9
"New York, NY",Russia,643,280680
"Salt Lake City, UT",Russia,643,5
"Miami, FL",Russia,643,39177
"Los Angeles, CA",Russia,643,97749
"Savannah, GA",Russia,643,7
"San Juan, PR",Saint Barthelemy,652,6543
"St. Louis, MO",Saint Kitts and Nevis,659,7
"Baltimore, MD",Saint Kitts and Nevis,659,186
"New Orleans, LA",Saint Kitts and Nevis,659,2
"San Juan, PR",Saint Kitts and Nevis,659,8399
"Miami, FL",Saint Kitts and Nevis,659,56976
"Charlotte, NC",Saint Kitts and Nevis,659,4750
"Atlanta, GA",Saint Kitts and Nevis,659,4414
"Washington, DC",Saint Kitts and Nevis,659,29
"Detroit, MI",Saint Kitts and Nevis,659,160
"New York, NY",Saint Kitts and Nevis,659,5449
"Newark, NJ",Saint Kitts and Nevis,659,3755
"Syracuse, NY",Saint Kitts and Nevis,659,2
"Baltimore, MD",Anguilla,660,8
"San Juan, PR",Anguilla,660,4566
"Miami, FL",Anguilla,660,3
"Fort Lauderdale, FL",Saint Lucia,662,134
"Cleveland, OH",Saint Lucia,662,19
"Pittsburgh, PA",Saint Lucia,662,2
"Boston, MA",Saint Lucia,662,2771
"Philadelphia, PA",Saint Lucia,662,1914
"New Orleans, LA",Saint Lucia,662,74
"Houston, TX",Saint Lucia,662,37
"Jacksonville, FL",Saint Lucia,662,2
"Miami, FL",Saint Lucia,662,51252
"Chicago, IL",Saint Lucia,662,2424
"Newark, NJ",Saint Lucia,662,8355
"Baltimore, MD",Saint Lucia,662,47
"Nashville, TN",Saint Lucia,662,3
"Atlanta, GA",Saint Lucia,662,51617
"Charlotte, NC",Saint Lucia,662,16144
"New York, NY",Saint Lucia,662,50414
"San Juan, PR",Saint Vincent and the Grenadines,670,5
"New York, NY",Saint Vincent and the Grenadines,670,377
"Jacksonville, FL",Saudi Arabia,682,7
"New York, NY",Saudi Arabia,682,64441
"Los Angeles, CA",Saudi Arabia,682,31951
"Washington, DC",Saudi Arabia,682,61115
"Washington, DC",Senegal,686,9322
"Las Vegas, NV",Senegal,686,1
"New York, NY",Senegal,686,16054
"Newark, NJ",Senegal,686,2
"Alexandria, LA",Senegal,686,560
"Los Angeles, CA",Senegal,686,3
"Miami, FL",Senegal,686,2
"New York, NY",Serbia,688,35664
"Los Angeles, CA",Singapore,702,77820
"San Francisco, CA",Singapore,702,198071
"Chicago, IL",Singapore,702,8414
"Honolulu, HI",Singapore,702,57
"New York, NY",Singapore,702,42788
"Houston, TX",Singapore,702,16476
"Seattle, WA",Singapore,702,7372
"Detroit, MI",South Africa,710,117
"Minneapolis, MN",South Africa,710,1139
"Atlanta, GA",South Africa,710,90335
"New York, NY",South Africa,710,86712
"Washington, DC",South Africa,710,36770
"Newark, NJ",Spain,724,148546
"Syracuse, NY",Spain,724,7
"Los Angeles, CA",Spain,724,69099
"Savannah, GA",Spain,724,3
"Miami, FL",Spain,724,395887
"San Jose, CA",Spain,724,2
"Philadelphia, PA",Spain,724,102102
"Houston, TX",Spain,724,137
"San Francisco, CA",Spain,724,1506
"Orlando, FL",Spain,724,161
"San Diego, CA",Spain,724,790
"Boston, MA",Spain,724,58291
"Las Vegas, NV",Spain,724,19
"New York, NY",Spain,724,547246
"Fort Lauderdale, FL",Spain,724,10483
"Baltimore, MD",Spain,724,2
"Dallas/Fort Worth, TX",Spain,724,75284
"Washington, DC",Spain,724,54310
"Seattle, WA",Spain,724,438
"Salt Lake City, UT",Spain,724,493
"Chicago, IL",Spain,724,107756
"Austin, TX",Spain,724,610
"Oakland, CA",Spain,724,36739
"Portland, OR",Spain,724,3
"San Juan, PR",Spain,724,30320
"Palm Springs, CA",Spain,724,2
"Charlotte, NC",Spain,724,62087
"San Antonio, TX",Spain,724,4
"Atlanta, GA",Spain,724,105716
"Memphis, TN",Suriname,740,7
"Miami, FL",Suriname,740,1596
"Chicago, IL",Sweden,752,67378
"Newark, NJ",Sweden,752,95887
"St. Louis, MO",Sweden,752,336
"San Juan, PR",Sweden,752,3402
"Houston, TX",Sweden,752,166
"Seattle, WA",Sweden,752,114
"San Jose, CA",Sweden,752,1
"Atlanta, GA",Sweden,752,696
"Fort Lauderdale, FL",Sweden,752,33365
"Philadelphia, PA",Sweden,752,444
"New York, NY",Sweden,752,62081
"Las Vegas, NV",Sweden,752,5505
"Minneapolis, MN",Sweden,752,118
"Los Angeles, CA",Sweden,752,102699
"West Palm Beach/Palm Beach, FL",Sweden,752,10
"Oakland, CA",Sweden,752,35256
"San Francisco, CA",Sweden,752,297
"New Orleans, LA",Sweden,752,119
"Denver, CO",Sweden,752,105
"Miami, FL",Sweden,752,1785
"New York, NY",Switzerland,756,289884
"West Palm Beach/Palm Beach, FL",Switzerland,756,1
"Atlanta, GA",Switzerland,756,24841
"Indianapolis, IN",Switzerland,756,3
"Dallas/Fort Worth, TX",Switzerland,756,1
"Cincinnati, OH",Switzerland,756,14
"Miami, FL",Switzerland,756,120927
"Denver, CO",Switzerland,756,2
"Sarasota/Bradenton, FL",Switzerland,756,2
"Savannah, GA",Switzerland,756,12
"San Diego, CA",Switzerland,756,5182
"Houston, TX",Switzerland,756,5
"Honolulu, HI",Switzerland,756,3
"Boston, MA",Switzerland,756,87123
"Fort Lauderdale, FL",Switzerland,756,3
"Orlando, FL",Switzerland,756,1
"Hartford, CT",Switzerland,756,2
"Austin, TX",Switzerland,756,5
"Newark, NJ",Switzerland,756,174249
"Raleigh/Durham, NC",Switzerland,756,1
"Las Vegas, NV",Switzerland,756,24704
"San Francisco, CA",Switzerland,756,92317
"Dallas, TX",Switzerland,756,6
"Anchorage, AK",Switzerland,756,3
"Washington, DC",Switzerland,756,107308
"Fort Myers, FL",Switzerland,756,2
"Seattle, WA",Switzerland,756,5
"Chicago, IL",Switzerland,756,102049
"Los Angeles, CA",Switzerland,756,100311
"Tampa, FL",Switzerland,756,23422
"Pago Pago, TT",Tonga,776,114
"Detroit, MI",Trinidad and Tobago,780,2
"New York, NY",Trinidad and Tobago,780,171212
"Miami, FL",Trinidad and Tobago,780,139921
"Los Angeles, CA",Trinidad and Tobago,780,16
"Orlando, FL",Trinidad and Tobago,780,15627
"Fort Lauderdale, FL",Trinidad and Tobago,780,68430
"San Francisco, CA",Trinidad and Tobago,780,91
"Houston, TX",Trinidad and Tobago,780,43216
"Newark, NJ",Trinidad and Tobago,780,16430
"Houston, TX",United Arab Emirates,784,90508
"Seattle, WA",United Arab Emirates,784,126388
"Orlando, FL",United Arab Emirates,784,62711
"Newark, NJ",United Arab Emirates,784,9064
"Fort Lauderdale, FL",United Arab Emirates,784,47962
"New York, NY",United Arab Emirates,784,601123
"Dallas/Fort Worth, TX",United Arab Emirates,784,160897
"Washington, DC",United Arab Emirates,784,191180
"Chicago, IL",United Arab Emirates,784,205928
"Los Angeles, CA",United Arab Emirates,784,217499
"Boston, MA",United Arab Emirates,784,131129
"San Francisco, CA",United Arab Emirates,784,162786
"Los Angeles, CA",Turkey,792,108834
"Miami, FL",Turkey,792,80026
"New York, NY",Turkey,792,254314
"Washington, DC",Turkey,792,86144
"Chicago, IL",Turkey,792,106610
"Dallas/Fort Worth, TX",Turkey,792,236
"Boston, MA",Turkey,792,67606
"San Francisco, CA",Turkey,792,100503
"Houston, TX",Turkey,792,85115
"Newark, NJ",Turkey,792,4
"Atlanta, GA",Turkey,792,48515
"Dallas/Fort Worth, TX",Turks and Caicos Islands,796,4633
"West Palm Beach/Palm Beach, FL",Turks and Caicos Islands,796,2
"Houston, TX",Turks and Caicos Islands,796,2114
"St. Louis, MO",Turks and Caicos Islands,796,8
"Miami, FL",Turks and Caicos Islands,796,85184
"Providence, RI",Turks and Caicos Islands,796,6
"Newark, NJ",Turks and Caicos Islands,796,38241
"Minneapolis, MN",Turks and Caicos Islands,796,9
"Atlanta, GA",Turks and Caicos Islands,796,45262
"Kansas City, MO",Turks and Caicos Islands,796,27
"Fort Lauderdale, FL",Turks and Caicos Islands,796,31287
"Memphis, TN",Turks and Caicos Islands,796,7
"Philadelphia, PA",Turks and Caicos Islands,796,8920
"San Francisco, CA",Turks and Caicos Islands,796,4
"Boston, MA",Turks and Caicos Islands,796,11255
"New York, NY",Turks and Caicos Islands,796,69269
"Charlotte, NC",Turks and Caicos Islands,796,46544
"Washington, DC",Turks and Caicos Islands,796,2502
"San Juan, PR",Turks and Caicos Islands,796,8
"Los Angeles, CA",Turks and Caicos Islands,796,5
"Chicago, IL",Turks and Caicos Islands,796,5095
"New York, NY",Ukraine,804,65278
"New York, NY",Egypt,818,82442
"St. Petersburg, FL",United Kingdom,826,2
"Salt Lake City, UT",United Kingdom,826,41201
"Dallas/Fort Worth, TX",United Kingdom,826,333436
"Santa Ana, CA",United Kingdom,826,3
"Sacramento, CA",United Kingdom,826,10
"Portland, OR",United Kingdom,826,12716
"Indianapolis, IN",United Kingdom,826,130
"Las Vegas, NV",United Kingdom,826,371098
"Denver, CO",United Kingdom,826,105271
"San Juan, PR",United Kingdom,826,7358
"Detroit, MI",United Kingdom,826,91175
"Nashville, TN",United Kingdom,826,437
"New Orleans, LA",United Kingdom,826,27882
"Newark, NJ",United Kingdom,826,696320
"Kansas City, MO",United Kingdom,826,86
"Atlanta, GA",United Kingdom,826,379396
"Boston, MA",United Kingdom,826,495494
"Charlotte, NC",United Kingdom,826,153267
"Honolulu, HI",United Kingdom,826,2409
"Los Angeles, CA",United Kingdom,826,921579
"San Antonio, TX",United Kingdom,826,1
"Minneapolis, MN",United Kingdom,826,62950
"Memphis, TN",United Kingdom,826,9
"West Palm Beach/Palm Beach, FL",United Kingdom,826,11
"Washington, DC",United Kingdom,826,424400
"Raleigh/Durham, NC",United Kingdom,826,60558
"San Diego, CA",United Kingdom,826,83047
"Houston, TX",United Kingdom,826,262997
"Baltimore, MD",United Kingdom,826,60753
"Tampa, FL",United Kingdom,826,68477
"Hartford, CT",United Kingdom,826,9831
"Philadelphia, PA",United Kingdom,826,314550
"Austin, TX",United Kingdom,826,62918
"Orlando, FL",United Kingdom,826,712458
"Oakland, CA",United Kingdom,826,92286
"Seattle, WA",United Kingdom,826,200700
"San Francisco, CA",United Kingdom,826,521330
"St. Louis, MO",United Kingdom,826,1359
"Chicago, IL",United Kingdom,826,575080
"Dallas, TX",United Kingdom,826,20
"Savannah, GA",United Kingdom,826,4
"Phoenix, AZ",United Kingdom,826,105389
"Miami, FL",United Kingdom,826,501876
"Sanford, FL",United Kingdom,826,88200
"San Jose, CA",United Kingdom,826,55273
"Newburgh/Poughkeepsie, NY",United Kingdom,826,32185
"Rochester, NY",United Kingdom,826,12
"Providence, RI",United Kingdom,826,13775
"New York, NY",United Kingdom,826,1885884
"Fort Lauderdale, FL",United Kingdom,826,54417
"Las Vegas, NV",Uruguay,858,389
"Miami, FL",Uruguay,858,58469
"New York, NY",Uzbekistan,860,12751
"New York, NY",Venezuela,862,1286
"Miami, FL",Venezuela,862,290874
"Atlanta, GA",Venezuela,862,2639
"Houston, TX",Venezuela,862,10788
"Los Angeles, CA",Samoa,882,7
"Honolulu, HI",Samoa,882,2732
"Pago Pago, TT",Samoa,882,42826
"Lihue, HI",Samoa,882,5
